company,rank,fortune_link,co_website,newsroom_link,pressroom_link,corporate_link,final
Walmart,1,https://fortune.com/company/walmart/fortune500/,https://corporate.walmart.com,https://corporate.walmart.com/newsroom/2021/03/09/walmart-doubles-down-on-tiktok-shopping-hosts-all-new-live-stream-shopping-event,https://www.diabetes.org/newsroom/press-releases/2021/ada-and-walmart-partner-in-demanding-creating-and-ensuring-health-equity-now,https://corporate.walmart.com/#,https://corporate.walmart.com/newsroom/company-news
Amazon,2,https://fortune.com/company/amazon-com/fortune500/,https://www.amazon.com/,https://www.amazon.com/gp/customer-preferences/select-language/ref=topnav_lang?preferencesReturnUrl=%2F,https://www.amazon.com/Starbucks-Espresso-Roast-Coffee-12-Ounce/dp/B01F7M87SW/?_encoding=UTF8&pd_rd_w=Aa6iV&pf_rd_p=c7fab2e3-e39f-40ec-8237-d12ae4c9e3f4&pf_rd_r=T1N711DYR3W69CBKRQSW&pd_rd_r=b0bfafd2-1aee-4952-b139-24d55b366c0a&pd_rd_wg=92QFJ&ref_=pd_gw_trq_ed,https://www.amazon.com/Protector-Addtam-Extension-Overload-Protection/dp/B08F58MXQG/?_encoding=UTF8&smid=A1BGDLOO430MHB&pd_rd_w=jGLPM&pf_rd_p=b87da4a6-dd8d-4735-898e-79a3e34d112e&pf_rd_r=T1N711DYR3W69CBKRQSW&pd_rd_r=b0bfafd2-1aee-4952-b139-24d55b366c0a&pd_rd_wg=92QFJ&ref_=pd_gw_unk,https://press.aboutamazon.com/press-releases
Exxon Mobil,3,https://fortune.com/company/exxon-mobil/fortune500/,https://www.exxonmobil.com/,https://corporate.exxonmobil.com/About-us/Business-divisions,https://corporate.exxonmobil.com/News/Newsroom/News-releases,https://corporate.exxonmobil.com/#main-content,https://corporate.exxonmobil.com/News/Newsroom/News-releases
Apple,4,https://fortune.com/company/apple/fortune500/,https://www.apple.com/,https://www.apple.com/apple-news/,https://www.apple.com/us/shop/goto/temporary_closures,https://www.apple.com/us/shop/goto/trade_in,https://www.apple.com/newsroom/archive/
CVS Health,5,https://fortune.com/company/cvs-health/fortune500/,https://www.cvshealth.com/,https://www.cvshealth.com/news-and-insights/topics/company-news,https://www.cvshealth.com/news-and-insights/press-releases/cvs-health-to-administer-covid-19-vaccines-at-over-80-pharmacy,https://www.cvshealth.com/social-responsibility/corporate-social-responsibility/political-activities-contributions,https://www.cvshealth.com/news-and-insights/press-releases
Berkshire Hathaway,6,https://fortune.com/company/berkshire-hathaway/fortune500/,https://www.berkshirehathaway.com/,https://www.berkshirehathaway.com/news/2021news.html,https://www.berkshirehathaway.com/message.html,https://www.berkshirehathaway.com/reports.html,https://www.berkshirehathaway.com/news/2020news.html
UnitedHealth Group,7,https://fortune.com/company/unitedhealth-group/fortune500/,https://www.unitedhealthgroup.com/,https://www.unitedhealthgroup.com/content/uhg/en/newsroom/2021/2021-02-04-andrew-witty-named-ceo.html,https://www.unitedhealthgroup.com/content/uhg/en/newsroom/press-releases.html,https://www.unitedhealthgroup.com/content/uhg/en/who-we-are/corporate-governance.html,https://www.unitedhealthgroup.com/search.html?query=*&facets=contenttype_s;uhg:content-type/story&sort=newest&start=0&rows=10
McKesson,8,https://fortune.com/company/mckesson/fortune500/,https://www.mckesson.com/,https://enews.mckessonspecialtyhealth.com/rs/856-MGL-296/images/WhitePaper_Empowering-better-care-with-precision-medicine.pdf?mkt_tok=eyJpIjoiTXprNFlqYzFNR1ZqTVdVMyIsInQiOiJ6M2VKU0RZQ1Npd0N2TW9DWmdNNHpDczQxSTNoRXVNaHBFcGRVWWcxZkJoMm1yOTd0Uk1PalF1U1ZXSCtaOTIydlNsRnJlSDkrcWNPXC9CVHRZSmhaeThiV3FtXC9vSVhlakM1ZXRcL3ZMcUZ2MUk4NGVJeDlIaFpWNWUzckZZSzNFayJ9,https://www.mckesson.com/About-McKesson/Newsroom/Press-Releases/2021/MYLUNG-Study-Launches-Advance-Precision-Medicine-Lung-Cancer-Patients/,https://www.mckesson.com/About-McKesson/Corporate-Citizenship/,https://www.mckesson.com/About-McKesson/Newsroom/Press-Releases/?topic=0&business=0&industry=0&month=0&page=1
AT&T,9,https://fortune.com/company/att/fortune500/,https://www.att.com/,https://about.att.com/category/all_news.html,https://www.att.com/wireless/,https://www.att.com/storeappointment/,https://about.att.com/allnews.html
AmerisourceBergen,10,https://fortune.com/company/amerisourcebergen/fortune500/,https://www.amerisourcebergen.com/,https://www.amerisourcebergen.com/newsroom,,https://www.amerisourcebergen.com/pharmaceutical-distribution/coronavirus-covid-19-information,https://www.amerisourcebergen.com/newsroom/press-releases?filter=all
Alphabet,11,https://fortune.com/company/alphabet/fortune500/,https://www.abc.xyz/,https://abc.xyz/investor/,,,https://abc.xyz/investor/#news
Ford Motor,12,https://fortune.com/company/ford-motor/fortune500/,https://www.ford.com/,https://www.ford.com/new-performance-vehicles/?gnav=header-performance-all-vehicles,https://www.ford.com/suvs-crossovers/escape/2020/?gnav=header-suvs-vhp,http://corporate.ford.com/homepage.html,https://media.ford.com/content/fordmedia/fna/us/en/news.html
Cigna,13,https://fortune.com/company/cigna/fortune500/,https://www.cigna.com/,https://www.cigna.com/about-us/newsroom/news-and-views/index.html,https://www.cigna.com/medicare/healthy-aging/depression-mental-health.html,https://www.cigna.com/about-us/corporate-responsibility/index.html,https://www.cigna.com/about-us/newsroom/news-and-views/press-releases/
Costco Wholesale,14,https://fortune.com/company/costco/fortune500/,https://investor.costco.com,https://investor.costco.com/news-releases/news-release-details/costco-wholesale-corporation-reports-first-quarter-fiscal-11,https://investor.costco.com/presentations,https://investor.costco.com/corporate-profile-2,https://investor.costco.com/news-releases
Chevron,15,https://fortune.com/company/chevron/fortune500/,https://www.chevron.com/,https://www.chevron.com/stories/chevron-announces-offer-to-acquire-noble-midstream-partners-lp,https://www.chevron.com/technology/crisis-response,https://www.chevron.com/investors/corporate-governance,https://www.chevron.com/stories
Cardinal Health,16,https://fortune.com/company/cardinal-health/fortune500/,https://www.cardinalhealth.com/,https://www.cardinalhealth.com/en/services/retail-pharmacy/pharmacy-ownership/franchise-services.html,https://www.cardinalhealth.com/en/essential-insights.all_audience.html,https://www.cardinalhealth.com/en/about-us/corporate-citizenship.html,https://cardinalhealth.mediaroom.com/newsreleasearchive?l=100
JPMorgan Chase,17,https://fortune.com/company/jpmorgan-chase/fortune500/,https://www.jpmorganchase.com/,https://www.jpmorganchase.com/news-stories,https://www.jpmorganchase.com/news-stories,https://www.jpmorganchase.com/about/governance/corporate-governance-principles,https://www.jpmorganchase.com/news-stories/news
General Motors,18,https://fortune.com/company/general-motors/fortune500/,https://www.gm.com/,https://www.gm.com/content/public/us/en/gm/home/our-stories/sustainability/renewable-energy-sustainable-strategy.html,https://www.gm.com/our-stories.html,https://www.gm.com/corporate-offers.html,https://plants.gm.com/media/us/en/gm/news/news_archive.year.All.month.All.html
Walgreens Boots Alliance,19,https://fortune.com/company/walgreens-boots-alliance/fortune500/,https://www.walgreensbootsalliance.com/,https://www.walgreensbootsalliance.com/news-media/our-stories/bringing-pharmacy-forefront-pharmacogenetics,https://www.walgreensbootsalliance.com/our-business,https://www.walgreensbootsalliance.com/corporate-social-responsibility/healthy-communities,https://www.walgreensbootsalliance.com/news-media/press-releases/archive
Verizon Communications,20,https://fortune.com/company/verizon/fortune500/,https://www.verizon.com/,https://www.verizon.com/about/news,https://www.verizon.com/about/accessibility/overview/,https://www.verizon.com/info/reportsecurityvulnerability/,https://www.verizon.com/about/media-center
Microsoft,21,https://fortune.com/company/microsoft/fortune500/,https://www.microsoft.com/,https://news.microsoft.com/covid-19-response/?icid=mscom_marcom_BM1a_covid19response,https://www.microsoft.com/en-us/store/b/accessories?icid=CNavDevicesAccessories,https://www.microsoft.com/en-us/microsoft-teams/free?icid=SSM_AS_Promo_Apps_MicrosoftTeams,https://news.microsoft.com/category/press-releases/
Marathon Petroleum,22,https://fortune.com/company/marathon-petroleum/fortune500/,https://www.marathonpetroleum.com/,https://www.marathonpetroleum.com/Investors/,https://www.marathonpetroleum.com/Sustainability/Reports-and-Policies/,https://www.marathonpetroleum.com/Investors/Corporate-Governance/,https://www.marathonpetroleum.com/Newsroom/Company-News/
Kroger,23,https://fortune.com/company/kroger/fortune500/,https://www.thekrogerco.com/,https://www.thekrogerco.com/#newsletter-modal,https://www.thekrogerco.com/about-kroger/our-business/,https://www.thekrogerco.com/vendors-suppliers/corporate-social-responsibility/,http://ir.kroger.com/CorporateProfile/press-releases/default.aspx
Fannie Mae,24,https://fortune.com/company/fannie-mae/fortune500/,https://www.fanniemae.com/,https://www.fanniemae.com/newsroom,https://capitalmarkets.fanniemae.com/,https://www.fanniemae.com/about-us/corporate-governance/online-privacy-notice,https://www.fanniemae.com/newsroom/fannie-mae-news
Bank of America,25,https://fortune.com/company/bank-of-america-corp/fortune500/,https://www.bankofamerica.com/,https://www.bankofamerica.com/smallbusiness,https://www.bankofamerica.com/smallbusiness,https://www.bankofamerica.com/deeplink/redirect.go?target=deals_expiry&screen=Deals:Entry&SortedBy=ExpiringSoon&version=7.1.0&cm_sp=OLB-BankAmeriDeals-Offers-_-BankAmeriDeals-_-DZT1QUOU01_Highlights_NH_BAMD_IconUpdate_G3_dealsAllDayHLCta,https://newsroom.bankofamerica.com/content/newsroom/press-releases.html
Home Depot,26,https://fortune.com/company/home-depot/fortune500/,https://www.homedepot.com/,https://www.homedepot.com/b/Heating-Venting-Cooling-Air-Conditioners/N-5yc1vZc4me?cm_sp=popcats-_-airconditioners-_-MAR21,https://www.homedepot.com/s/pressure%2520washer?NCNI-5,https://corporate.homedepot.com/,https://corporate.homedepot.com/newsroom
Phillips 66,27,https://fortune.com/company/phillips/fortune500/,https://www.phillips66.com/,https://www.phillips66.com/newsroom,https://www.phillips66.com/about/energy-research-and-innovation,https://digitalmedia.phillips66.com/portals/m7bll5sq/ExternalCorporateBrandPortal,https://investor.phillips66.com/financial-information/default.aspx
Comcast,28,https://fortune.com/company/comcast/fortune500/,https://corporate.comcast.com/,http://business.comcast.com/,https://corporate.comcast.com/press,https://corporate.comcast.com/#main-anchor,https://corporate.comcast.com/press
Anthem,29,https://fortune.com/company/anthem/fortune500/,https://www.antheminc.com/,http://ir.antheminc.com/phoenix.zhtml?c=130104&p=irol-news&nyo=0,https://www.antheminc.com/annual-report/2019/addressing-food-insecurity.html,https://www.antheminc.com/cs//groups/public/@wp_corp_main/documents/wlp_assets/stockdata.xml,https://ir.antheminc.com/press-releases?c=130104&nyo=0&p=irol-news
Wells Fargo,30,https://fortune.com/company/wells-fargo/fortune500/,https://www.wellsfargo.com/,https://www.wellsfargo.com/international-remittances/?linkLoc=fn,https://connect.secure.wellsfargo.com/auth/login/present?origin=irt,https://www.wellsfargo.com/about/corporate-responsibility/,https://newsroom.wf.com/English/news-releases/default.aspx
Citigroup,31,https://fortune.com/company/citigroup/fortune500/,https://www.citigroup.com/,https://www.citigroup.com/citi/citi-news-alerts/,https://www.citigroup.com/citi/investor/pres.htm,https://www.citigroup.com/citi/investor/corporate_governance.html,https://www.citigroup.com/citi/news/news_list_view.html
Valero Energy,32,https://fortune.com/company/valero-energy/fortune500/,https://www.valero.com/,https://www.valero.com/about/news-room,https://www.valero.com/responsibility,https://www.linkedin.com/company/valero-energy-corporation,https://www.valero.com/about/news-room
General Electric,33,https://fortune.com/company/general-electric/fortune500/,https://www.ge.com/,https://www.ge.com/news/,https://www.ge.com/news/press-releases,https://www.gehealthcare.com/campaigns/corporate/Efficiency,https://www.ge.com/news/press-releases
Dell Technologies,34,https://fortune.com/company/dell-technologies/fortune500/,https://www.delltechnologies.com/,https://corporate.delltechnologies.com/en-us/newsroom.htm,https://www.delltechnologies.com/en-us/storage/powerstore-storage-appliance.htm,https://corporate.delltechnologies.com/en-us/covid-19-response/index.htm,https://corporate.delltechnologies.com/en-us/newsroom/announcements.htm#/filter-on/Country:en-us
Johnson & Johnson,35,https://fortune.com/company/johnson-johnson/fortune500/,https://www.jnj.com/,https://www.jnj.com/latest-news,https://www.jnj.com/healthcare-products/prescription,https://www.jnj.com/corporate/privacy-policy,https://www.jnj.com/latest-news?all
State Farm Insurance,36,https://fortune.com/company/state-farm-insurance-cos/fortune500/,https://www.statefarm.com/,https://newsroom.statefarm.com/,https://ventures.statefarm.com/,https://www.statefarm.com/insurance/identity-restoration,https://newsroom.statefarm.com/?h=1&t=releases
Target,37,https://fortune.com/company/target/fortune500/,https://corporate.target.com/,https://corporate.target.com/news-features/gallery,https://corporate.target.com/press/multimedia,https://corporate.target.com/#nav-mobile,https://corporate.target.com/search-results?mediaType=Press%20release&page=1&sort=publishDate&sortOrder=desc
IBM,38,https://fortune.com/company/ibm/fortune500/,https://www.ibm.com/,https://newsroom.ibm.com/COVID-19?lnk=hpmex_buco,https://www.ibm.com/cloud/learn/hybrid-cloud?lnk=hpmps_ess,https://www.ibm.com/sports/grammys/?lnk=ushpv18l1,https://newsroom.ibm.com/announcements?l=100
Raytheon Technologies,39,https://fortune.com/company/united-technologies/fortune500/,https://www.rtx.com/,https://www.rtx.com/news#News,https://www.rtx.com/#Careers,https://www.rtx.com/our-company/corporate-governance,https://www.rtx.com/news#2
Boeing,40,https://fortune.com/company/boeing/fortune500/,https://www.boeing.com/,https://boeing.mediaroom.com/news-releases-statements?item=130829,https://www.boeing.com/global/#/presence,https://www.boeing.com/company/general-info/corporate-governance.page,https://boeing.mediaroom.com/news-releases-statements?l=100
Freddie Mac,41,https://fortune.com/company/freddie-mac/fortune500/,http://www.freddiemac.com/investors/,http://freddiemac.gcs-web.com/news-releases/news-release-details/freddie-mac-issues-monthly-volume-summary-january-2021,http://www.freddiemac.com/perspectives/,http://www.freddiemac.com/investors/financials/annual-reports.html,https://freddiemac.gcs-web.com/news-releases/
Centene,42,https://fortune.com/company/centene/fortune500/,https://www.centene.com/,https://www.centene.com/news.html,https://www.centene.com/who-we-are/international-presence.html,https://www.centene.com/who-we-are/corporate-facts-reports.html,https://investors.centene.com/news-releases?field_nir_news_date_value%5Bmin%5D=2021
UPS,43,https://fortune.com/company/ups/fortune500/,https://www.ups.com/,https://www.ups.com/hn/es/Home.page,https://www.ups.com/pr/es/Home.page,https://www.ups.com/br/pt/Home.page,https://stories.ups.com/upsstories/us/en/newsroom/press-releases.html
Lowe's,44,https://fortune.com/company/lowes/fortune500/,https://www.lowes.com/,https://corporate.lowes.com/newsroom,https://www.lowes.com/mylowes/orders,https://corporate.lowes.com/who-we-are,https://corporate.lowes.com/newsroom/press-releases
Intel,45,https://fortune.com/company/intel/fortune500/,https://www.intel.com/,https://newsroom.intel.com/,https://www.intel.com/content/www/us/en/products/processors.html,https://www.intel.com/content/www/us/en/corporate-responsibility/statement-combating-modern-slavery.html,https://newsroom.intel.com/news/
Facebook,46,https://fortune.com/company/facebook/fortune500/,https://investor.fb.com/,https://about.fb.com/news/2021/03/introducing-private-and-secure-whatsapp-calling-on-desktop/,https://investor.fb.com/financials?section=annualreports,https://investor.fb.com/corporate-governance/default.aspx,https://investor.fb.com/investor-news/default.aspx
FedEx,47,https://fortune.com/company/fedex/fortune500/,https://www.fedex.com/,https://www.fedex.com/en-es/home.html,https://www.fedex.com/es-us/home.html,https://www.fedex.com/ar-ae/home.html,https://newsroom.fedex.com
MetLife,48,https://fortune.com/company/metlife/fortune500/,https://www.metlife.com/,https://www.metlife.com/sustainability/news-insights,https://www.metlife.com/insurance/accident-health/critical-illness-insurance/,https://www.metlife.com/about-us/corporate-governance/board-of-directors/,https://www.metlife.com/about-us/newsroom/
Walt Disney,49,https://fortune.com/company/disney/fortune500/,https://www.thewaltdisneycompany.com/,https://thewaltdisneycompany.com/investor-relations/#investor-relations-news,https://thewaltdisneycompany.com/about/#our-businesses,https://thewaltdisneycompany.com/investor-relations/#corporate-governance,https://thewaltdisneycompany.com/news/
Procter & Gamble,50,https://fortune.com/company/procter-gamble/fortune500/,https://www.pginvestor.com/,https://www.pginvestor.com/financial-reporting/press-releases/news-details/2021/PG-to-Webcast-Presentation-From-the-Consumer-Analyst-Group-of-New-York-Conference-February-18/default.aspx,https://www.pginvestor.com/financial-reporting/press-releases/default.aspx,https://www.pginvestor.com/corporate-profile/default.aspx,https://news.pg.com/news-releases/default.aspx
PepsiCo,51,https://fortune.com/company/pepsico/fortune500/,https://www.pepsico.com/,https://www.pepsico.com/news/stories,https://www.pepsico.com/sustainability/goals-and-progress,https://www.pepsico.com/about/corporate-governance,https://www.pepsico.com/news/media-resources/press-releases
Humana,52,https://fortune.com/company/humana/fortune500/,https://www.humana.com/,https://www.humana.com/caring-for-others,https://www.humana.com/pharmacy/prescription-coverages,https://www.humana.com/about/corporate/,https://press.humana.com/news/default.aspx#gsc.tab=0
Prudential Financial (U.S.),53,https://fortune.com/company/prudential-financial/fortune500/,https://www.prudential.com/,http://www.news.prudential.com/,https://link.prudential.com/express/planning/retirement/profile/1,https://www.prudential.com/links/about/corporate-social-responsibility,https://news.prudential.com/prudential/news/
Archer Daniels Midland,54,https://fortune.com/company/archer-daniels-midland/fortune500/,https://www.adm.com/,https://www.adm.com/news/news-releases,https://www.adm.com/sustainability/sustainability-progress-tracker,https://www.adm.com/privacy-statement/cookie-policy,https://www.adm.com/news/news-releases
Albertsons,55,https://fortune.com/company/albertsons-cos/fortune500/,https://www.albertsonscompanies.com/,https://www.albertsonscompanies.com/content/minisite/albertsonscompanies/en/newsroom.html,https://www.albertsonscompanies.com/careers/en/home.html,,https://www.albertsonscompanies.com/newsroom.html
Sysco,56,https://fortune.com/company/sysco/fortune500/,https://www.sysco.com/,https://www.sysco.com/Suppliers/Supplier-Partnerships/Supplier-Resources.html,https://www.sysco.com/Products/Products/Product-Categories.html,https://www.sysco.com/About/Company-Profile/Corporate-Social-Responsibility.html,https://investors.sysco.com/annual-reports-and-sec-filings/news-releases/
Lockheed Martin,57,https://fortune.com/company/lockheed-martin/fortune500/,https://www.lockheedmartin.com/,https://www.lockheedmartin.com/en-us/news/features/2020/coronavirus-covid-19-information.html,https://www.lockheedmartin.com/en-us/who-we-are/lockheed-martin-ventures.html,https://www.lockheedmartin.com/en-us/contact/lockheed-martin-corporation-privacy-notice-eu.html,https://news.lockheedmartin.com/news-releases?l=100
HP,58,https://fortune.com/company/hp/fortune500/,https://www8.hp.com/,https://store.hp.com/us/en/vwa/business-solutions/segm=Business,https://press.hp.com/us/en.html,https://store.hp.com/us/en/plp/accessories/computer-software&availability=in-stock,https://press.hp.com/us/en/press-releases.html
Energy Transfer,59,https://fortune.com/company/energy-transfer-equity/fortune500/,https://www.energytransfer.com/,https://energytransfer.com/newsroom/,,https://www.energytransfer.com/investor-relations/,https://energytransfer.com/newsroom/
Goldman Sachs Group,60,https://fortune.com/company/goldman-sachs-group/fortune500/,https://www.goldmansachs.com/,https://www.goldmansachs.com/media-relations/in-the-news/current/index.html,https://www.goldmansachs.com/media-relations/press-releases/2021/announcement-04-mar-2021.html,https://www.goldmansachs.com/investor-relations/corporate-governance/sustainability-reporting/index.html,https://www.goldmansachs.com/media-relations/press-releases-and-comments/current/index.html
Morgan Stanley,61,https://fortune.com/company/morgan-stanley/fortune500/,https://www.morganstanley.com/,https://www.morganstanley.com/newsletter/subscribe,https://www.morganstanley.com/ideas?filter=personal-finance,https://www.twitter.com/morganstanley,https://www.morganstanley.com/about-us-newsroom?showAll=true#-536583991-tab
Caterpillar,62,https://fortune.com/company/caterpillar/fortune500/,https://www.caterpillar.com/,https://www.caterpillar.com/en/news.html,https://www.caterpillar.com/en/news/corporate-press-releases.html,https://www.caterpillar.com/en/news/corporate-press-releases.html,https://www.caterpillar.com/en/news/corporate-press-releases.html
Cisco Systems,63,https://fortune.com/company/cisco-systems/fortune500/,https://www.cisco.com/,https://newsroom.cisco.com/,https://identity.cisco.com/ui/v1.0/recovery-ui/forgot-password,https://www.cisco.com/c/en/us/solutions/industries/financial-services.html?socialshare=lightbox_trusted_workplace,https://newsroom.cisco.com/pressreleases
Pfizer,64,https://fortune.com/company/pfizer/fortune500/,https://www.pfizer.com/,https://www.pfizer.com/news/press-release/press-release-detail/real-world-evidence-confirms-high-effectiveness-pfizer,https://www.pfizer.com/news/press-release/press-release-detail/real-world-evidence-confirms-high-effectiveness-pfizer,https://www.pfizer.com/purpose/transparency/corporate-compliance,https://www.pfizer.com/news/press-release/press-releases-archive
HCA Healthcare,65,https://fortune.com/company/hca-holdings/fortune500/,https://www.hcahealthcare.com/,https://investor.hcahealthcare.com/news/default.aspx,https://hcahealthcare.com/about/press-kit.dot,https://investor.hcahealthcare.com/corporate-profile/default.aspx,https://investor.hcahealthcare.com/news/2021/default.aspx
American International Group,66,https://fortune.com/company/aig/fortune500/,https://www.aig.com/,https://www.aig.com/business-resilience-disclosure,https://www.aig.com/business,https://www.aigcorporate.com/_20_306214.html,https://www.aig.com/about-us/news-and-media#press-release-archive
American Express,67,https://fortune.com/company/american-express/fortune500/,https://www.americanexpress.com/,https://global.americanexpress.com/activity?inav=menu_myacct_viewstmt,https://www.americanexpress.com/#skipToContent,https://www.americanexpress.com/us/credit-cards/business/corporate-credit-cards/corporate-p-card?inav=menu_cards_cs_corporate_p_card,https://about.americanexpress.com/all-news/default.aspx
Delta Air Lines,68,https://fortune.com/company/delta-air-lines/fortune500/,https://www.delta.com/,https://news.delta.com/,http://apply.americanexpress.com/delta-mar21/?page_url=1#plat,https://www.delta.com/us/en/corporate-travel/overview,https://news.delta.com/news-archive
Merck,69,https://fortune.com/company/merck/fortune500/,https://www.merck.com/,https://www.merck.com/media/news/,https://www.merck.com/stories/,https://www.merck.com/patients/,https://www.merck.com/media/news/
American Airlines Group,70,https://fortune.com/company/american-airlines-group/fortune500/,https://www.aa.com/,http://news.aa.com/,https://www.aa.com/reservation/flightCheckInViewReservationsAccess.do?anchorEvent=false&from=Nav,https://www.aa.com/car?reportedLocation=&reportedTitle=&_locale=en_US&promo_id=Avis_Budget&src=ABLeftNav#,http://news.aa.com/news/default.aspx
Charter Communications,71,https://fortune.com/company/charter-communications/fortune500/,https://corporate.charter.com,https://corporate.charter.com/newsroom,https://ir.charter.com/financial-information/quarterly-results,https://corporate.charter.com/#main-content,https://corporate.charter.com/newsroom
Allstate,72,https://fortune.com/company/allstate/fortune500/,https://www.allstate.com/,https://www.allstatenewsroom.com/,https://www.allstate.com/support/express-access.aspx,https://www.allstate.com/boat-insurance.aspx,https://www.allstatenewsroom.com/news/
New York Life Insurance,73,https://fortune.com/company/new-york-life-insurance/fortune500/,https://www.newyorklife.com/,https://www.newyorklife.com/newsroom,https://www.newyorklife.com/careers,https://www.newyorklife.com/about/corporate-governance,https://www.newyorklife.com/newsroom/2021
Nationwide,74,https://fortune.com/company/nationwide/fortune500/,https://www.nationwide.com/,https://developer.nationwide.com/partnership,https://www.nationwide.com/business/,https://www.nationwide.com/lc/resources/powersports/articles/is-rv-insurance-required,https://news.nationwide.com/?h=1&t=news
Best Buy,75,https://fortune.com/company/best-buy/fortune500/,https://corporate.bestbuy.com,https://corporate.bestbuy.com/category/company-news,https://corporate.bestbuy.com/media-resources/,https://corporate.bestbuy.com/,https://corporate.bestbuy.com/archive
United Airlines Holdings,76,https://fortune.com/company/united-continental-holdings/fortune500/,https://www.united.com/,https://hub.united.com/newsroom/,https://www.united.com/ual/en/us/fly/company/united-express-partners.html,http://ir.united.com/corporate-governance/company-leadership,https://hub.united.com/newsroom/
Liberty Mutual Insurance Group,77,https://fortune.com/company/liberty-mutual-insurance-group/fortune500/,https://www.libertymutual.com/,https://business.libertymutualgroup.com/business-insurance/,https://business.libertymutualgroup.com/business-insurance/,https://www.libertymutualgroup.com/about-lm/corporate-information/overview,https://www.libertymutualgroup.com/about-lm/news/news-release-archive
Dow,78,https://fortune.com/company/dow/fortune500/,https://www.dow.com/,https://www.dow.com/en-us/news.html,https://www.dow.com/en-us/market/mkt-food-beverage/sub-food-food-preservation.html,https://corporate.dow.com/en-us/seek-together.html,https://www.dow.com/en-us/news.html
Tyson Foods,79,https://fortune.com/company/tyson-foods/fortune500/,https://www.tysonfoods.com/,https://www.tysonfoods.com/news,https://www.tysonfoods.com/who-we-are/our-partners/farmers,https://www.tysonfoods.com/who-we-are/giving-back/corporate-giving,https://www.tysonfoods.com/news/news-releases
TJX,80,https://fortune.com/company/tjx/fortune500/,https://www.tjx.com/,https://www.tjx.com/businesses,https://www.tjx.com/investors/investor-information/presentations-and-marketing,https://www.tjx.com/responsibility/communities/corporate-philanthropy,https://investor.tjx.com/investors/press-releases
TIAA,81,https://fortune.com/company/tiaa/fortune500/,https://www.tiaa-cref.org/,,,,https://www.tiaa.org/public/about-tiaa/news-press/press-releases
Oracle,82,https://fortune.com/company/oracle/fortune500/,https://www.oracle.com/,https://www.oracle.com/news/,https://www.oracle.com/index.html#industries,https://www.oracle.com/corporate/careers/,https://www.oracle.com/search/press?No=0&Nr=101&Nrpp=100
General Dynamics,83,https://fortune.com/company/general-dynamics/fortune500/,https://www.gd.com/,https://www.gd.com/news,https://www.gd.com/our-businesses,https://investorrelations.gd.com/,https://www.gd.com/news/press-releases?page=0&tags=&types=&years=&months=
Deere,84,https://fortune.com/company/deere/fortune500/,https://www.deere.com/,https://www.deere.com/en/our-company/news-and-announcements/newsroom/tony-rollins-focus-on-diversity-leads-to-results/,https://www.deere.com/en/golf-sports-turf/,https://www.deere.com/en/finance/financing/lawn-garden/compact-tractors/,https://www.deere.com/en/our-company/news-and-announcements/news-releases/
Nike,85,https://fortune.com/company/nike/fortune500/,https://www.nike.com/,http://news.nike.com/,https://www.nike.com/w/boys-compression-baselayer-1onraz4pwb,https://www.nike.com/sportswear,https://news.nike.com/news
Progressive,86,https://fortune.com/company/progressive/fortune500/,https://www.progressive.com/,https://www.progressive.com/homeowners/,,https://www.progressive.com/about/corporate-responsibility/,https://progressive.mediaroom.com/news-releases/?l=100
Publix Super Markets,87,https://fortune.com/company/publix-super-markets/fortune500/,https://www.publix.com/,https://corporate.publix.com/about-publix/newsroom/recalls,https://www.publix.com/presto,https://corporate.publix.com/about-publix/newsroom/recalls,https://corporate.publix.com/about-publix/newsroom/news-releases
Coca-Cola,88,https://fortune.com/company/coca-cola/fortune500/,https://www.coca-colacompany.com/,https://www.coca-colacompany.com/news,https://www.coca-colacompany.com/sustainable-business,https://www.coca-colacompany.com/news/coronavirus-local-actions,https://www.coca-colacompany.com/media-center
Massachusetts Mutual Life,89,https://fortune.com/company/massachusetts-mutual-life-insurance/fortune500/,https://www.massmutual.com/,https://www.massmutual.com/financial-wellness/family-budgeting,https://fieldnet.massmutual.com/clexpresslogin/clexpress_login.jsp,https://www.massmutual.com/about-us/corporate-governance/annual-meeting,https://www.massmutual.com/about-us/news-and-press-releases?page=1
Tech Data,90,https://fortune.com/company/tech-data/fortune500/,https://www.techdata.com/,https://www.techdata.com/news.html,https://www.techdata.com/#tdcorpnewsSection,https://www.techdata.com/corp_assets/documents/Conflicts_Of_Interest_December_2018.pdf,https://investor.techdata.com/news/default.aspx
World Fuel Services,91,https://fortune.com/company/world-fuel-services/fortune500/,https://www.wfscorp.com/,https://ir.wfscorp.com/company-news,https://www.wfscorp.com/en/industries,https://ir.wfscorp.com/corporate-governance,https://ir.wfscorp.com/news-releases/?b29e099a_year%5Bvalue%5D=_none&op=Filter&b29e099a_widget_id=b29e099a&form_build_id=form-GJk_zT62vVFgzNKdmQ1Dhwuw9nFQ8KvU9I66nafTgmY&form_id=widget_form_base
Honeywell International,92,https://fortune.com/company/honeywell-international/fortune500/,https://www.honeywell.com/,https://www.honeywell.com/us/en/news,https://www.honeywell.com/us/en/press,https://www.honeywell.com/br/pt/home,https://www.honeywell.com/us/en/press
ConocoPhillips,93,https://fortune.com/company/conocophillips/fortune500/,https://www.conocophillips.com/,https://www.conocophillips.com/news-media/,https://www.conocophillips.com/spiritnow/category/feature-stories/,https://www.conocophillips.com/investor-relations/corporate-governance/,https://www.conocophillips.com/news-media/archive/?page=1
USAA,94,https://fortune.com/company/usaa/fortune500/,https://www.usaa.com/,https://www.usaa.com/inet/wc/newsroom_factsheets_main,https://www.usaa.com/join/start/?productId=join-now&wa_ref=prospect_join_now,https://www.usaa.com/inet/wc/coronavirus-info-usaa-members?wa_ref=Pub_Urgent_Banner,https://communities.usaa.com/t5/Press-Releases/bg-p/press-releases
Exelon,95,https://fortune.com/company/exelon/fortune500/,https://www.exeloncorp.com/,https://www.exeloncorp.com/newsroom/a-future-powered-by-stem,https://www.exeloncorp.com/company/business-strategy,,https://www.exeloncorp.com/newsroom/press-releases
Northrop Grumman,96,https://fortune.com/company/northrop-grumman/fortune500/,https://www.northropgrumman.com/,https://news.northropgrumman.com/,https://www.northropgrumman.com/who-we-are/global-presence/,https://www.northropgrumman.com/corporate-responsibility/,https://news.northropgrumman.com/news/releases
Capital One Financial,97,https://fortune.com/company/capital-one-financial/fortune500/,https://www.capitalone.com/,https://www.capitalone.com/about/newsroom,https://www.capitalone.com/digital/digitalspendingfeatures/?external_id=Q420_DIGPAYS_HP_CO_SECURE,https://www.capitalone.com/about/corporate-information/,https://www.capitalone.com/about/newsroom/
Plains GP Holdings,98,https://fortune.com/company/plains-gp-holdings/fortune500/,https://www.plainsallamerican.com/,https://www.plainsallamerican.com/about-us/newsroom,https://www.plainsallamerican.com/sustainability/respect-and-fairness,https://www.plainsallamerican.com/contact-us/corporate-contacts,https://ir.paalp.com/News_Releases
AbbVie,99,https://fortune.com/company/abbvie/fortune500/,https://www.abbvie.com/,https://news.abbvie.com/news/press-releases/new-refresh-digital-lubricant-eye-drops-tackle-eye-dryness-due-to-everyday-screen-use.htm,https://news.abbvie.com/news/press-releases/new-refresh-digital-lubricant-eye-drops-tackle-eye-dryness-due-to-everyday-screen-use.htm,https://www.abbvie.com/careers/roles/corporate.html,https://news.abbvie.com/news/press-releases/
StoneX Group,100,https://fortune.com/company/stonex-group/fortune500/,https://www.stonex.com/,https://www.stonex.com/Main-Channels/Commodities/,https://www.stonex.com/Main-Channels/Commodities/Capabilites/Managed-Futures/,https://www.stonex.com/Main-Channels/Commodities/Customer-Types/Corporation/,https://www.stonex.com/Media-Room/Press-Releases/
